<?xml version="1.0" encoding="US-ASCII" standalone="yes"?><?mso-application progid="Excel.Sheet"?><Workbook xmlns="urn:schemas-microsoft-com:office:spreadsheet" xmlns:o="urn:schemas-microsoft-com:office:office" xmlns:x="urn:schemas-microsoft-com:office:excel" xmlns:ss="urn:schemas-microsoft-com:office:spreadsheet" xmlns:html="http://www.w3.org/TR/REC-html40"><DocumentProperties xmlns="urn:schemas-microsoft-com:office:office"><Author></Author><LastAuthor></LastAuthor><Created></Created><LastSaved></LastSaved><Company></Company><Version></Version></DocumentProperties><ExcelWorkbook  xmlns="urn:schemas-microsoft-com:office:excel"><ProtectStructure>False</ProtectStructure><ProtectWindows>False</ProtectWindows></ExcelWorkbook><Styles><Style ss:ID="Default" ss:Name="Normal"><Alignment ss:Vertical="Bottom"/><Borders/><Font/><Interior/><NumberFormat/><Protection/></Style><Style ss:ID="s1"><Font ss:Bold="1" ss:Size='12'/><NumberFormat/></Style><Style ss:ID="s21"><Alignment ss:Horizontal="Center" ss:Vertical="Bottom"/><NumberFormat/><Borders><Border ss:Position="Top" ss:LineStyle="Continuous" ss:Weight="1"/></Borders></Style><Style ss:ID="s22"><Alignment ss:Horizontal="Center" ss:Vertical="Bottom"/><NumberFormat/></Style><Style ss:ID="s23"><Alignment ss:Horizontal="Center" ss:Vertical="Bottom"/><NumberFormat/><Borders><Border ss:Position="Bottom" ss:LineStyle="Continuous" ss:Weight="1"/></Borders></Style><Style ss:ID="s24"><NumberFormat/></Style><Style ss:ID="s31"><Borders><Border ss:Position="Top" ss:LineStyle="Continuous" ss:Weight="1"/></Borders></Style><Style ss:ID="s32"><Borders/></Style><Style ss:ID="s33"><Borders><Border ss:Position="Bottom" ss:LineStyle="Continuous" ss:Weight="1"/></Borders></Style></Styles><Names></Names><Worksheet ss:Name="Sheet1"><Table ss:ExpandedColumnCount="6" ss:ExpandedRowCount="56" x:FullColumns="1" x:FullRows="1"><Row></Row><Row><Cell ss:StyleID="s31"><Data ss:Type="String">-&gt;</Data></Cell><Cell ss:StyleID="s21"><Data ss:Type="String">tabulation</Data></Cell><Cell ss:StyleID="s21"><Data ss:Type="String">of</Data></Cell><Cell ss:StyleID="s21"><Data ss:Type="String">race</Data></Cell><Cell ss:StyleID="s21"><Data ss:Type="String"></Data></Cell><Cell ss:StyleID="s21"><Data ss:Type="String"></Data></Cell></Row><Row><Cell ss:StyleID="s31"><Data ss:Type="String"></Data></Cell><Cell ss:StyleID="s21"><Data ss:Type="String"></Data></Cell><Cell ss:StyleID="s21"><Data ss:Type="String"></Data></Cell><Cell ss:StyleID="s21"><Data ss:Type="String"></Data></Cell><Cell ss:StyleID="s21"><Data ss:Type="String"></Data></Cell><Cell ss:StyleID="s21"><Data ss:Type="String"></Data></Cell></Row><Row><Cell ss:StyleID="s32"><Data ss:Type="String">race</Data></Cell><Cell ss:StyleID="s22"><Data ss:Type="String">Freq.</Data></Cell><Cell ss:StyleID="s22"><Data ss:Type="String">Percent</Data></Cell><Cell ss:StyleID="s22"><Data ss:Type="String">Cum.</Data></Cell><Cell ss:StyleID="s22"><Data ss:Type="String"></Data></Cell><Cell ss:StyleID="s22"><Data ss:Type="String"></Data></Cell></Row><Row><Cell ss:StyleID="s32"><Data ss:Type="String">White</Data></Cell><Cell ss:StyleID="s22"><Data ss:Type="String">4,659</Data></Cell><Cell ss:StyleID="s22"><Data ss:Type="String">50.48</Data></Cell><Cell ss:StyleID="s22"><Data ss:Type="String">50.48</Data></Cell><Cell ss:StyleID="s22"><Data ss:Type="String"></Data></Cell><Cell ss:StyleID="s22"><Data ss:Type="String"></Data></Cell></Row><Row><Cell ss:StyleID="s32"><Data ss:Type="String">Black</Data></Cell><Cell ss:StyleID="s22"><Data ss:Type="String">2,486</Data></Cell><Cell ss:StyleID="s22"><Data ss:Type="String">26.94</Data></Cell><Cell ss:StyleID="s22"><Data ss:Type="String">77.42</Data></Cell><Cell ss:StyleID="s22"><Data ss:Type="String"></Data></Cell><Cell ss:StyleID="s22"><Data ss:Type="String"></Data></Cell></Row><Row><Cell ss:StyleID="s32"><Data ss:Type="String">Asian</Data></Cell><Cell ss:StyleID="s22"><Data ss:Type="String">heritage</Data></Cell><Cell ss:StyleID="s22"><Data ss:Type="String">184</Data></Cell><Cell ss:StyleID="s22"><Data ss:Type="String">1.990</Data></Cell><Cell ss:StyleID="s22"><Data ss:Type="String">79.41</Data></Cell><Cell ss:StyleID="s22"><Data ss:Type="String"></Data></Cell></Row><Row><Cell ss:StyleID="s32"><Data ss:Type="String">Native</Data></Cell><Cell ss:StyleID="s22"><Data ss:Type="String">American</Data></Cell><Cell ss:StyleID="s22"><Data ss:Type="String">146</Data></Cell><Cell ss:StyleID="s22"><Data ss:Type="String">1.580</Data></Cell><Cell ss:StyleID="s22"><Data ss:Type="String">80.99</Data></Cell><Cell ss:StyleID="s22"><Data ss:Type="String"></Data></Cell></Row><Row><Cell ss:StyleID="s32"><Data ss:Type="String">Hispanic</Data></Cell><Cell ss:StyleID="s22"><Data ss:Type="String">1,717</Data></Cell><Cell ss:StyleID="s22"><Data ss:Type="String">18.60</Data></Cell><Cell ss:StyleID="s22"><Data ss:Type="String">99.60</Data></Cell><Cell ss:StyleID="s22"><Data ss:Type="String"></Data></Cell><Cell ss:StyleID="s22"><Data ss:Type="String"></Data></Cell></Row><Row><Cell ss:StyleID="s32"><Data ss:Type="String">Other</Data></Cell><Cell ss:StyleID="s22"><Data ss:Type="String">37</Data></Cell><Cell ss:StyleID="s22"><Data ss:Type="String">0.400</Data></Cell><Cell ss:StyleID="s22"><Data ss:Type="String">100</Data></Cell><Cell ss:StyleID="s22"><Data ss:Type="String"></Data></Cell><Cell ss:StyleID="s22"><Data ss:Type="String"></Data></Cell></Row><Row><Cell ss:StyleID="s32"><Data ss:Type="String">Total</Data></Cell><Cell ss:StyleID="s22"><Data ss:Type="String">9,229</Data></Cell><Cell ss:StyleID="s22"><Data ss:Type="String">100</Data></Cell><Cell ss:StyleID="s22"><Data ss:Type="String"></Data></Cell><Cell ss:StyleID="s22"><Data ss:Type="String"></Data></Cell><Cell ss:StyleID="s22"><Data ss:Type="String"></Data></Cell></Row><Row><Cell ss:StyleID="s32"><Data ss:Type="String"></Data></Cell><Cell ss:StyleID="s22"><Data ss:Type="String"></Data></Cell><Cell ss:StyleID="s22"><Data ss:Type="String"></Data></Cell><Cell ss:StyleID="s22"><Data ss:Type="String"></Data></Cell><Cell ss:StyleID="s22"><Data ss:Type="String"></Data></Cell><Cell ss:StyleID="s22"><Data ss:Type="String"></Data></Cell></Row><Row><Cell ss:StyleID="s32"><Data ss:Type="String">-&gt;</Data></Cell><Cell ss:StyleID="s22"><Data ss:Type="String">tabulation</Data></Cell><Cell ss:StyleID="s22"><Data ss:Type="String">of</Data></Cell><Cell ss:StyleID="s22"><Data ss:Type="String">flee status</Data></Cell><Cell ss:StyleID="s22"><Data ss:Type="String"></Data></Cell><Cell ss:StyleID="s22"><Data ss:Type="String"></Data></Cell></Row><Row><Cell ss:StyleID="s32"><Data ss:Type="String"></Data></Cell><Cell ss:StyleID="s22"><Data ss:Type="String"></Data></Cell><Cell ss:StyleID="s22"><Data ss:Type="String"></Data></Cell><Cell ss:StyleID="s22"><Data ss:Type="String"></Data></Cell><Cell ss:StyleID="s22"><Data ss:Type="String"></Data></Cell><Cell ss:StyleID="s22"><Data ss:Type="String"></Data></Cell></Row><Row><Cell ss:StyleID="s32"><Data ss:Type="String">flee status</Data></Cell><Cell ss:StyleID="s22"><Data ss:Type="String">Freq.</Data></Cell><Cell ss:StyleID="s22"><Data ss:Type="String">Percent</Data></Cell><Cell ss:StyleID="s22"><Data ss:Type="String">Cum.</Data></Cell><Cell ss:StyleID="s22"><Data ss:Type="String"></Data></Cell><Cell ss:StyleID="s22"><Data ss:Type="String"></Data></Cell></Row><Row><Cell ss:StyleID="s32"><Data ss:Type="String">Not</Data></Cell><Cell ss:StyleID="s22"><Data ss:Type="String">fleeing</Data></Cell><Cell ss:StyleID="s22"><Data ss:Type="String">5,575</Data></Cell><Cell ss:StyleID="s22"><Data ss:Type="String">62.37</Data></Cell><Cell ss:StyleID="s22"><Data ss:Type="String">62.37</Data></Cell><Cell ss:StyleID="s22"><Data ss:Type="String"></Data></Cell></Row><Row><Cell ss:StyleID="s32"><Data ss:Type="String">On</Data></Cell><Cell ss:StyleID="s22"><Data ss:Type="String">foot</Data></Cell><Cell ss:StyleID="s22"><Data ss:Type="String">1,345</Data></Cell><Cell ss:StyleID="s22"><Data ss:Type="String">15.05</Data></Cell><Cell ss:StyleID="s22"><Data ss:Type="String">77.41</Data></Cell><Cell ss:StyleID="s22"><Data ss:Type="String"></Data></Cell></Row><Row><Cell ss:StyleID="s32"><Data ss:Type="String">Via</Data></Cell><Cell ss:StyleID="s22"><Data ss:Type="String">car</Data></Cell><Cell ss:StyleID="s22"><Data ss:Type="String">1,634</Data></Cell><Cell ss:StyleID="s22"><Data ss:Type="String">18.28</Data></Cell><Cell ss:StyleID="s22"><Data ss:Type="String">95.69</Data></Cell><Cell ss:StyleID="s22"><Data ss:Type="String"></Data></Cell></Row><Row><Cell ss:StyleID="s32"><Data ss:Type="String">Via</Data></Cell><Cell ss:StyleID="s22"><Data ss:Type="String">another</Data></Cell><Cell ss:StyleID="s22"><Data ss:Type="String">vehicle</Data></Cell><Cell ss:StyleID="s22"><Data ss:Type="String">385</Data></Cell><Cell ss:StyleID="s22"><Data ss:Type="String">4.310</Data></Cell><Cell ss:StyleID="s22"><Data ss:Type="String">100</Data></Cell></Row><Row><Cell ss:StyleID="s32"><Data ss:Type="String">Total</Data></Cell><Cell ss:StyleID="s22"><Data ss:Type="String">8,939</Data></Cell><Cell ss:StyleID="s22"><Data ss:Type="String">100</Data></Cell><Cell ss:StyleID="s22"><Data ss:Type="String"></Data></Cell><Cell ss:StyleID="s22"><Data ss:Type="String"></Data></Cell><Cell ss:StyleID="s22"><Data ss:Type="String"></Data></Cell></Row><Row><Cell ss:StyleID="s32"><Data ss:Type="String"></Data></Cell><Cell ss:StyleID="s22"><Data ss:Type="String"></Data></Cell><Cell ss:StyleID="s22"><Data ss:Type="String"></Data></Cell><Cell ss:StyleID="s22"><Data ss:Type="String"></Data></Cell><Cell ss:StyleID="s22"><Data ss:Type="String"></Data></Cell><Cell ss:StyleID="s22"><Data ss:Type="String"></Data></Cell></Row><Row><Cell ss:StyleID="s32"><Data ss:Type="String">-&gt;</Data></Cell><Cell ss:StyleID="s22"><Data ss:Type="String">tabulation</Data></Cell><Cell ss:StyleID="s22"><Data ss:Type="String">of</Data></Cell><Cell ss:StyleID="s22"><Data ss:Type="String">threat type</Data></Cell><Cell ss:StyleID="s22"><Data ss:Type="String"></Data></Cell><Cell ss:StyleID="s22"><Data ss:Type="String"></Data></Cell></Row><Row><Cell ss:StyleID="s32"><Data ss:Type="String"></Data></Cell><Cell ss:StyleID="s22"><Data ss:Type="String"></Data></Cell><Cell ss:StyleID="s22"><Data ss:Type="String"></Data></Cell><Cell ss:StyleID="s22"><Data ss:Type="String"></Data></Cell><Cell ss:StyleID="s22"><Data ss:Type="String"></Data></Cell><Cell ss:StyleID="s22"><Data ss:Type="String"></Data></Cell></Row><Row><Cell ss:StyleID="s32"><Data ss:Type="String">threat type</Data></Cell><Cell ss:StyleID="s22"><Data ss:Type="String">Freq.</Data></Cell><Cell ss:StyleID="s22"><Data ss:Type="String">Percent</Data></Cell><Cell ss:StyleID="s22"><Data ss:Type="String">Cum.</Data></Cell><Cell ss:StyleID="s22"><Data ss:Type="String"></Data></Cell><Cell ss:StyleID="s22"><Data ss:Type="String"></Data></Cell></Row><Row><Cell ss:StyleID="s32"><Data ss:Type="String">Fired</Data></Cell><Cell ss:StyleID="s22"><Data ss:Type="String">weapon</Data></Cell><Cell ss:StyleID="s22"><Data ss:Type="String">2,924</Data></Cell><Cell ss:StyleID="s22"><Data ss:Type="String">28.22</Data></Cell><Cell ss:StyleID="s22"><Data ss:Type="String">28.22</Data></Cell><Cell ss:StyleID="s22"><Data ss:Type="String"></Data></Cell></Row><Row><Cell ss:StyleID="s32"><Data ss:Type="String">Pointed</Data></Cell><Cell ss:StyleID="s22"><Data ss:Type="String">weapon</Data></Cell><Cell ss:StyleID="s22"><Data ss:Type="String">1,890</Data></Cell><Cell ss:StyleID="s22"><Data ss:Type="String">18.24</Data></Cell><Cell ss:StyleID="s22"><Data ss:Type="String">46.46</Data></Cell><Cell ss:StyleID="s22"><Data ss:Type="String"></Data></Cell></Row><Row><Cell ss:StyleID="s32"><Data ss:Type="String">Attacked</Data></Cell><Cell ss:StyleID="s22"><Data ss:Type="String">1,490</Data></Cell><Cell ss:StyleID="s22"><Data ss:Type="String">14.38</Data></Cell><Cell ss:StyleID="s22"><Data ss:Type="String">60.84</Data></Cell><Cell ss:StyleID="s22"><Data ss:Type="String"></Data></Cell><Cell ss:StyleID="s22"><Data ss:Type="String"></Data></Cell></Row><Row><Cell ss:StyleID="s32"><Data ss:Type="String">Had</Data></Cell><Cell ss:StyleID="s22"><Data ss:Type="String">weapon</Data></Cell><Cell ss:StyleID="s22"><Data ss:Type="String">visible</Data></Cell><Cell ss:StyleID="s22"><Data ss:Type="String">2,674</Data></Cell><Cell ss:StyleID="s22"><Data ss:Type="String">25.81</Data></Cell><Cell ss:StyleID="s22"><Data ss:Type="String">86.64</Data></Cell></Row><Row><Cell ss:StyleID="s32"><Data ss:Type="String">Threatening</Data></Cell><Cell ss:StyleID="s22"><Data ss:Type="String">movement</Data></Cell><Cell ss:StyleID="s22"><Data ss:Type="String">599</Data></Cell><Cell ss:StyleID="s22"><Data ss:Type="String">5.780</Data></Cell><Cell ss:StyleID="s22"><Data ss:Type="String">92.42</Data></Cell><Cell ss:StyleID="s22"><Data ss:Type="String"></Data></Cell></Row><Row><Cell ss:StyleID="s32"><Data ss:Type="String">Fleeing</Data></Cell><Cell ss:StyleID="s22"><Data ss:Type="String">192</Data></Cell><Cell ss:StyleID="s22"><Data ss:Type="String">1.850</Data></Cell><Cell ss:StyleID="s22"><Data ss:Type="String">94.28</Data></Cell><Cell ss:StyleID="s22"><Data ss:Type="String"></Data></Cell><Cell ss:StyleID="s22"><Data ss:Type="String"></Data></Cell></Row><Row><Cell ss:StyleID="s32"><Data ss:Type="String">Accident</Data></Cell><Cell ss:StyleID="s22"><Data ss:Type="String">55</Data></Cell><Cell ss:StyleID="s22"><Data ss:Type="String">0.530</Data></Cell><Cell ss:StyleID="s22"><Data ss:Type="String">94.81</Data></Cell><Cell ss:StyleID="s22"><Data ss:Type="String"></Data></Cell><Cell ss:StyleID="s22"><Data ss:Type="String"></Data></Cell></Row><Row><Cell ss:StyleID="s32"><Data ss:Type="String">Undetermined</Data></Cell><Cell ss:StyleID="s22"><Data ss:Type="String">538</Data></Cell><Cell ss:StyleID="s22"><Data ss:Type="String">5.190</Data></Cell><Cell ss:StyleID="s22"><Data ss:Type="String">100</Data></Cell><Cell ss:StyleID="s22"><Data ss:Type="String"></Data></Cell><Cell ss:StyleID="s22"><Data ss:Type="String"></Data></Cell></Row><Row><Cell ss:StyleID="s32"><Data ss:Type="String">Total</Data></Cell><Cell ss:StyleID="s22"><Data ss:Type="String">10,362</Data></Cell><Cell ss:StyleID="s22"><Data ss:Type="String">100</Data></Cell><Cell ss:StyleID="s22"><Data ss:Type="String"></Data></Cell><Cell ss:StyleID="s22"><Data ss:Type="String"></Data></Cell><Cell ss:StyleID="s22"><Data ss:Type="String"></Data></Cell></Row><Row><Cell ss:StyleID="s32"><Data ss:Type="String"></Data></Cell><Cell ss:StyleID="s22"><Data ss:Type="String"></Data></Cell><Cell ss:StyleID="s22"><Data ss:Type="String"></Data></Cell><Cell ss:StyleID="s22"><Data ss:Type="String"></Data></Cell><Cell ss:StyleID="s22"><Data ss:Type="String"></Data></Cell><Cell ss:StyleID="s22"><Data ss:Type="String"></Data></Cell></Row><Row><Cell ss:StyleID="s32"><Data ss:Type="String">-&gt;</Data></Cell><Cell ss:StyleID="s22"><Data ss:Type="String">tabulation</Data></Cell><Cell ss:StyleID="s22"><Data ss:Type="String">of</Data></Cell><Cell ss:StyleID="s22"><Data ss:Type="String">armed with</Data></Cell><Cell ss:StyleID="s22"><Data ss:Type="String"></Data></Cell><Cell ss:StyleID="s22"><Data ss:Type="String"></Data></Cell></Row><Row><Cell ss:StyleID="s32"><Data ss:Type="String"></Data></Cell><Cell ss:StyleID="s22"><Data ss:Type="String"></Data></Cell><Cell ss:StyleID="s22"><Data ss:Type="String"></Data></Cell><Cell ss:StyleID="s22"><Data ss:Type="String"></Data></Cell><Cell ss:StyleID="s22"><Data ss:Type="String"></Data></Cell><Cell ss:StyleID="s22"><Data ss:Type="String"></Data></Cell></Row><Row><Cell ss:StyleID="s32"><Data ss:Type="String">armed with</Data></Cell><Cell ss:StyleID="s22"><Data ss:Type="String">Freq.</Data></Cell><Cell ss:StyleID="s22"><Data ss:Type="String">Percent</Data></Cell><Cell ss:StyleID="s22"><Data ss:Type="String">Cum.</Data></Cell><Cell ss:StyleID="s22"><Data ss:Type="String"></Data></Cell><Cell ss:StyleID="s22"><Data ss:Type="String"></Data></Cell></Row><Row><Cell ss:StyleID="s32"><Data ss:Type="String">Unarmed</Data></Cell><Cell ss:StyleID="s22"><Data ss:Type="String">565</Data></Cell><Cell ss:StyleID="s22"><Data ss:Type="String">5.610</Data></Cell><Cell ss:StyleID="s22"><Data ss:Type="String">5.610</Data></Cell><Cell ss:StyleID="s22"><Data ss:Type="String"></Data></Cell><Cell ss:StyleID="s22"><Data ss:Type="String"></Data></Cell></Row><Row><Cell ss:StyleID="s32"><Data ss:Type="String">Gun</Data></Cell><Cell ss:StyleID="s22"><Data ss:Type="String">6,040</Data></Cell><Cell ss:StyleID="s22"><Data ss:Type="String">59.97</Data></Cell><Cell ss:StyleID="s22"><Data ss:Type="String">65.58</Data></Cell><Cell ss:StyleID="s22"><Data ss:Type="String"></Data></Cell><Cell ss:StyleID="s22"><Data ss:Type="String"></Data></Cell></Row><Row><Cell ss:StyleID="s32"><Data ss:Type="String">Knife</Data></Cell><Cell ss:StyleID="s22"><Data ss:Type="String">1,776</Data></Cell><Cell ss:StyleID="s22"><Data ss:Type="String">17.63</Data></Cell><Cell ss:StyleID="s22"><Data ss:Type="String">83.21</Data></Cell><Cell ss:StyleID="s22"><Data ss:Type="String"></Data></Cell><Cell ss:StyleID="s22"><Data ss:Type="String"></Data></Cell></Row><Row><Cell ss:StyleID="s32"><Data ss:Type="String">Blunt</Data></Cell><Cell ss:StyleID="s22"><Data ss:Type="String">Object</Data></Cell><Cell ss:StyleID="s22"><Data ss:Type="String">252</Data></Cell><Cell ss:StyleID="s22"><Data ss:Type="String">2.500</Data></Cell><Cell ss:StyleID="s22"><Data ss:Type="String">85.71</Data></Cell><Cell ss:StyleID="s22"><Data ss:Type="String"></Data></Cell></Row><Row><Cell ss:StyleID="s32"><Data ss:Type="String">Other</Data></Cell><Cell ss:StyleID="s22"><Data ss:Type="String">108</Data></Cell><Cell ss:StyleID="s22"><Data ss:Type="String">1.070</Data></Cell><Cell ss:StyleID="s22"><Data ss:Type="String">86.79</Data></Cell><Cell ss:StyleID="s22"><Data ss:Type="String"></Data></Cell><Cell ss:StyleID="s22"><Data ss:Type="String"></Data></Cell></Row><Row><Cell ss:StyleID="s32"><Data ss:Type="String">Replica</Data></Cell><Cell ss:StyleID="s22"><Data ss:Type="String">331</Data></Cell><Cell ss:StyleID="s22"><Data ss:Type="String">3.290</Data></Cell><Cell ss:StyleID="s22"><Data ss:Type="String">90.07</Data></Cell><Cell ss:StyleID="s22"><Data ss:Type="String"></Data></Cell><Cell ss:StyleID="s22"><Data ss:Type="String"></Data></Cell></Row><Row><Cell ss:StyleID="s32"><Data ss:Type="String">Undetermined</Data></Cell><Cell ss:StyleID="s22"><Data ss:Type="String">463</Data></Cell><Cell ss:StyleID="s22"><Data ss:Type="String">4.600</Data></Cell><Cell ss:StyleID="s22"><Data ss:Type="String">94.67</Data></Cell><Cell ss:StyleID="s22"><Data ss:Type="String"></Data></Cell><Cell ss:StyleID="s22"><Data ss:Type="String"></Data></Cell></Row><Row><Cell ss:StyleID="s32"><Data ss:Type="String">Unknown</Data></Cell><Cell ss:StyleID="s22"><Data ss:Type="String">165</Data></Cell><Cell ss:StyleID="s22"><Data ss:Type="String">1.640</Data></Cell><Cell ss:StyleID="s22"><Data ss:Type="String">96.31</Data></Cell><Cell ss:StyleID="s22"><Data ss:Type="String"></Data></Cell><Cell ss:StyleID="s22"><Data ss:Type="String"></Data></Cell></Row><Row><Cell ss:StyleID="s32"><Data ss:Type="String">Vehicle</Data></Cell><Cell ss:StyleID="s22"><Data ss:Type="String">372</Data></Cell><Cell ss:StyleID="s22"><Data ss:Type="String">3.690</Data></Cell><Cell ss:StyleID="s22"><Data ss:Type="String">100</Data></Cell><Cell ss:StyleID="s22"><Data ss:Type="String"></Data></Cell><Cell ss:StyleID="s22"><Data ss:Type="String"></Data></Cell></Row><Row><Cell ss:StyleID="s32"><Data ss:Type="String">Total</Data></Cell><Cell ss:StyleID="s22"><Data ss:Type="String">10,072</Data></Cell><Cell ss:StyleID="s22"><Data ss:Type="String">100</Data></Cell><Cell ss:StyleID="s22"><Data ss:Type="String"></Data></Cell><Cell ss:StyleID="s22"><Data ss:Type="String"></Data></Cell><Cell ss:StyleID="s22"><Data ss:Type="String"></Data></Cell></Row><Row><Cell ss:StyleID="s32"><Data ss:Type="String"></Data></Cell><Cell ss:StyleID="s22"><Data ss:Type="String"></Data></Cell><Cell ss:StyleID="s22"><Data ss:Type="String"></Data></Cell><Cell ss:StyleID="s22"><Data ss:Type="String"></Data></Cell><Cell ss:StyleID="s22"><Data ss:Type="String"></Data></Cell><Cell ss:StyleID="s22"><Data ss:Type="String"></Data></Cell></Row><Row><Cell ss:StyleID="s32"><Data ss:Type="String">-&gt;</Data></Cell><Cell ss:StyleID="s22"><Data ss:Type="String">tabulation</Data></Cell><Cell ss:StyleID="s22"><Data ss:Type="String">of</Data></Cell><Cell ss:StyleID="s22"><Data ss:Type="String">was mental illness related</Data></Cell><Cell ss:StyleID="s22"><Data ss:Type="String"></Data></Cell><Cell ss:StyleID="s22"><Data ss:Type="String"></Data></Cell></Row><Row><Cell ss:StyleID="s32"><Data ss:Type="String"></Data></Cell><Cell ss:StyleID="s22"><Data ss:Type="String"></Data></Cell><Cell ss:StyleID="s22"><Data ss:Type="String"></Data></Cell><Cell ss:StyleID="s22"><Data ss:Type="String"></Data></Cell><Cell ss:StyleID="s22"><Data ss:Type="String"></Data></Cell><Cell ss:StyleID="s22"><Data ss:Type="String"></Data></Cell></Row><Row><Cell ss:StyleID="s32"><Data ss:Type="String">was mental </Data></Cell><Cell ss:StyleID="s22"><Data ss:Type="String"></Data></Cell><Cell ss:StyleID="s22"><Data ss:Type="String"></Data></Cell><Cell ss:StyleID="s22"><Data ss:Type="String"></Data></Cell><Cell ss:StyleID="s22"><Data ss:Type="String"></Data></Cell><Cell ss:StyleID="s22"><Data ss:Type="String"></Data></Cell></Row><Row><Cell ss:StyleID="s32"><Data ss:Type="String">illness rel</Data></Cell><Cell ss:StyleID="s22"><Data ss:Type="String"></Data></Cell><Cell ss:StyleID="s22"><Data ss:Type="String"></Data></Cell><Cell ss:StyleID="s22"><Data ss:Type="String"></Data></Cell><Cell ss:StyleID="s22"><Data ss:Type="String"></Data></Cell><Cell ss:StyleID="s22"><Data ss:Type="String"></Data></Cell></Row><Row><Cell ss:StyleID="s32"><Data ss:Type="String">ated</Data></Cell><Cell ss:StyleID="s22"><Data ss:Type="String">Freq.</Data></Cell><Cell ss:StyleID="s22"><Data ss:Type="String">Percent</Data></Cell><Cell ss:StyleID="s22"><Data ss:Type="String">Cum.</Data></Cell><Cell ss:StyleID="s22"><Data ss:Type="String"></Data></Cell><Cell ss:StyleID="s22"><Data ss:Type="String"></Data></Cell></Row><Row><Cell ss:StyleID="s32"><Data ss:Type="String">False</Data></Cell><Cell ss:StyleID="s22"><Data ss:Type="String">8,373</Data></Cell><Cell ss:StyleID="s22"><Data ss:Type="String">80.28</Data></Cell><Cell ss:StyleID="s22"><Data ss:Type="String">80.28</Data></Cell><Cell ss:StyleID="s22"><Data ss:Type="String"></Data></Cell><Cell ss:StyleID="s22"><Data ss:Type="String"></Data></Cell></Row><Row><Cell ss:StyleID="s32"><Data ss:Type="String">True</Data></Cell><Cell ss:StyleID="s22"><Data ss:Type="String">2,057</Data></Cell><Cell ss:StyleID="s22"><Data ss:Type="String">19.72</Data></Cell><Cell ss:StyleID="s22"><Data ss:Type="String">100</Data></Cell><Cell ss:StyleID="s22"><Data ss:Type="String"></Data></Cell><Cell ss:StyleID="s22"><Data ss:Type="String"></Data></Cell></Row><Row><Cell ss:StyleID="s33"><Data ss:Type="String">Total</Data></Cell><Cell ss:StyleID="s23"><Data ss:Type="String">10,430</Data></Cell><Cell ss:StyleID="s23"><Data ss:Type="String">100</Data></Cell><Cell ss:StyleID="s23"><Data ss:Type="String"></Data></Cell><Cell ss:StyleID="s23"><Data ss:Type="String"></Data></Cell><Cell ss:StyleID="s23"><Data ss:Type="String"></Data></Cell></Row></Table><WorksheetOptions xmlns="urn:schemas-microsoft-com:office:excel"><ProtectedObjects>False</ProtectedObjects><ProtectedScenarios>False</ProtectedScenarios></WorksheetOptions></Worksheet></Workbook>